distrito,monto
Barranco,281.07547069271754
La Molina,276.56972927241964
Miraflores,270.717665615142
San Isidro,275.0572396694215
Sin distrito,256.189
Surco,287.29707495429614
